,mjd,rv_all_mean,rv_err_all_mean,rv_selection_mean,rv_err_selection_mean,rv_ccf,rv_ccf_err
0,57759.434328703705,-0.08973913009298329,0.3645399675455931,-0.17947826018596658,0.3667867311390131,0.0,0.24066769279777903
1,57762.651875,-2.163643918249967,0.3592051471309841,-1.673146420580153,0.3614199309364115,-3.1235958689685006,0.23672216206436097
2,57768.628136573796,-0.6424737624689936,0.3537808462159895,-0.2592327153737308,0.3560901433195294,-1.5773032712835047,0.232371978760023
3,57771.449953703705,1.258833769010467,0.36166275604295073,0.9717443398354284,0.3628717374710272,3.056168465404294,0.238831556920598
4,57777.5327777779,2.4430894633165323,0.3426696924228712,1.9619829791955148,0.343888165393006,2.7596459650966985,0.22580942152142403
